id,title,text,url,permalink,score,created_utc,post_hint,local_media_path,post_sentiment,post_classification,sentiment_analysis,labeling_error
1ornhi8,Is GOAT mode rare?,,https://i.redd.it/q01d771fu00g1.png,/r/Brawlstars/comments/1ornhi8/is_goat_mode_rare/,1,1762602580.0,image,media/images/1ornhi8.jpg,Neutral/Other,,,
1ornfcg,Shelly is ruining the fun of the new collab,"If you're shelly player on this new mode, go to hell",https://i.redd.it/9dg96j2st00g1.jpeg,/r/Brawlstars/comments/1ornfcg/shelly_is_ruining_the_fun_of_the_new_collab/,0,1762602366.0,image,media/images/1ornfcg.jpg,Anger,,,
1orn9uv,is this a bug?,"i got 2 legendary starrdrops in a row and both of them had 200 blings in it, is that normal?",https://www.reddit.com/r/Brawlstars/comments/1orn9uv/is_this_a_bug/,/r/Brawlstars/comments/1orn9uv/is_this_a_bug/,1,1762601834.0,,,Surprise,,,
1orn6wl,Why does the Hawkins Hunt keep reseting even tho we win.,"I see that the difficulty sometimes goes from hard to normal, like i join a game where people have 4 cards and I have 1 or the other way around, and even tho we beat the boss the game just decides we lost.",https://i.redd.it/nv2uth4cr00g1.jpeg,/r/Brawlstars/comments/1orn6wl/why_does_the_hawkins_hunt_keep_reseting_even_tho/,2,1762601545.0,image,media/images/1orn6wl.jpg,Anger,,,
1orn6iz,So close to perfection ;-;,Even egg Pam couldnâ€™t handle the mass of Shellys in the end ripâ€¦ she do be broken tho lol,https://i.redd.it/kz376s88r00g1.jpeg,/r/Brawlstars/comments/1orn6iz/so_close_to_perfection/,4,1762601507.0,image,media/images/1orn6iz.jpg,Sadness,,,
1orn53r,Sam's Hypercharge doesn't work against anyone with decreased SCR while hitting them,"Same happens against Shelly and other brawlers who has that card with shield (also that's why Rosa shouldn't be able to do something like that, so a buff like that to her would be too much)",https://v.redd.it/swqiaaesq00g1,/r/Brawlstars/comments/1orn53r/sams_hypercharge_doesnt_work_against_anyone_with/,2,1762601363.0,hosted:video,media/videos/1orn53r.mp4,Anger,,,
1orn0vq,This game is so bugged,I can't seem to be able to queue into a match at stage 2 in the new spirit frank boss mode. I tried relogging and switching accounts but I'm not being put into a match. Why does this happen and how can I fix it,https://v.redd.it/w0lcoobgp00g1,/r/Brawlstars/comments/1orn0vq/this_game_is_so_bugged/,1,1762600941.0,hosted:video,media/videos/1orn0vq.mp4,Anger,,,
1ormzfr,Best power???,,https://i.redd.it/dn7okjozo00g1.jpeg,/r/Brawlstars/comments/1ormzfr/best_power/,1,1762600797.0,image,media/images/1ormzfr.jpg,Joy,,,
1ormwzg,Fastest Insane Spirit Frank Fight.,"Only like 50 seconds.

I had the worlds most perfect deck, I had +25% dmg -50% Cooldown for gadget (spike one) +60% Super Charge Rate (With fertilizer star power to heal) and obviously Power Cube Party (Spawn with 20 Power Cubes) and I forgot the last one but I think it was the bigger hitbox one.

Nuts tho ",https://v.redd.it/g93zyukao00g1,/r/Brawlstars/comments/1ormwzg/fastest_insane_spirit_frank_fight/,3,1762600547.0,hosted:video,media/videos/1ormwzg.mp4,Joy,,,
1ormtjv,What happened here?,I cant seem to find this in any card deck or online. If you look at ricos card beneath him it also changes color. ,https://v.redd.it/34q5p0ocn00g1,/r/Brawlstars/comments/1ormtjv/what_happened_here/,2,1762600206.0,hosted:video,media/videos/1ormtjv.mp4,Surprise,,,
1ormplv,"This bug has been ignored for too long.. When spectating brawl arena, the safe health bars at the top are swapped",,https://i.redd.it/juenhm02m00g1.jpeg,/r/Brawlstars/comments/1ormplv/this_bug_has_been_ignored_for_too_long_when/,1,1762599804.0,image,media/images/1ormplv.jpg,Anger,,,
1ormats,fix your game,everytime 3rd match keep get normal even though it was suppose expert while in a team,https://i.redd.it/m8jm6wjnh00g1.jpeg,/r/Brawlstars/comments/1ormats/fix_your_game/,7,1762598319.0,image,media/images/1ormats.jpg,Anger,,,
1orm530,"If you are having problems to win, just change the brawler","I think I have lost several times trying to play with other brawlers. All of them get hidden in the brush, so changing to Shelly, my problems are gone. ",https://i.redd.it/am65aupyf00g1.jpeg,/r/Brawlstars/comments/1orm530/if_you_are_having_problems_to_win_just_change_the/,1,1762597720.0,image,media/images/1orm530.jpg,Anger,,,
1orm1kd,Goat mode squeak,,https://www.imgur.com/a/OsJfI1X,/r/Brawlstars/comments/1orm1kd/goat_mode_squeak/,1,1762597358.0,link,,Joy,,,
1orm0p9,This update might actually have saved the game,"I love this new update. I went from deinstalling the game to actively playing and having fun with my friends again. The new gamemodes are so fun and FINALLY, it doesnt override normal modes, which imo is the best decision they couldve made. I dont know how sc keeps at least one of their games relevant at all times, but im so glad its brawl stars and that i can see the game i fell in love with as a wee kid. (Holy glaze but i needed to get that out there)",https://www.reddit.com/r/Brawlstars/comments/1orm0p9/this_update_might_actually_have_saved_the_game/,/r/Brawlstars/comments/1orm0p9/this_update_might_actually_have_saved_the_game/,1,1762597273.0,,,Joy,,,
1orlzr4,New mode=free trophies?,"After a single day the leaderboard of shelly was at 2000 trophies, and the numbers are just going up. If it keeps going like this by the end of the season atleast half of the brawlers (basically all the aggro ones) top 200 will be around 2000 trophies
I pushed my gene to 1500 in 2 hours and in every lobby there were atleast 2-3 bots",https://i.redd.it/bjh03foce00g1.jpeg,/r/Brawlstars/comments/1orlzr4/new_modefree_trophies/,45,1762597177.0,image,media/images/1orlzr4.jpg,Anger,,,
1orly7v,Why did it jump me like thay,,https://v.redd.it/f8yhh3evd00g1,/r/Brawlstars/comments/1orly7v/why_did_it_jump_me_like_thay/,2,1762597026.0,hosted:video,media/videos/1orly7v.mp4,Surprise,,,
1orlxpg,Why though..,There are like 95 better picks than that broðŸ˜­,https://i.redd.it/94rzwdkmd00g1.jpeg,/r/Brawlstars/comments/1orlxpg/why_though/,0,1762596972.0,image,media/images/1orlxpg.jpg,Anger,,,
1orlvkt,Now THIS is what Lola's hypercharge should be,,https://i.redd.it/1mkdgr13d00g1.jpeg,/r/Brawlstars/comments/1orlvkt/now_this_is_what_lolas_hypercharge_should_be/,1,1762596752.0,image,media/images/1orlvkt.jpg,Neutral/Other,,,
1orlmtm,New mega quest,"It's probably Upside showdown or Hawkins hunt

Or maybe it's just a visual bug idk",https://v.redd.it/v2xs7in8a00g1,/r/Brawlstars/comments/1orlmtm/new_mega_quest/,0,1762595869.0,hosted:video,media/videos/1orlmtm.mp4,Neutral/Other,,,
1orliam,This is Poco final form,,https://v.redd.it/qrawmpd0900g1,/r/Brawlstars/comments/1orliam/this_is_poco_final_form/,3,1762595389.0,hosted:video,media/videos/1orliam.mp4,Surprise,,,
1orlhr3,Franks boss fight keeps glitching,"When playing the new boss mode on multiplayer, we suddenly play normal mode in fase 2 or fase 3. Then after winning this fase, it says we failed and puts us back all the way to the beginning. Anyone else gets this?",https://i.redd.it/3weq6m0v800g1.jpeg,/r/Brawlstars/comments/1orlhr3/franks_boss_fight_keeps_glitching/,5,1762595330.0,image,media/images/1orlhr3.jpg,Anger,,,
1orlfzx,Matchmaking for boss event doesnt work,"its been like this since the event started, i suspect its because i chose a high trophy brawler (shelly at 1.2k) i hope this gets fixed soon, some ways to fix it are to either add a cancel ongoing run button for events like this or remove the trophy based matchmaking in this event",https://i.redd.it/wojw0tpa800g1.jpeg,/r/Brawlstars/comments/1orlfzx/matchmaking_for_boss_event_doesnt_work/,1,1762595142.0,image,media/images/1orlfzx.jpg,Anger,,,
1orleqt,I have a serious problem,One of my superpowers disappeared and now i cant play the boss. It always shows 1/3 players and cant get any more. How to fix this bug? Supercell! Fix your game!,https://i.redd.it/x56ianfw700g1.jpeg,/r/Brawlstars/comments/1orleqt/i_have_a_serious_problem/,3,1762595008.0,image,media/images/1orleqt.jpg,Anger,,,
1orle0t,In what period did y'all start playing Brawl Stars? I started playing Brawl Stars during Season 3.,I wanna be famous,https://www.reddit.com/r/Brawlstars/comments/1orle0t/in_what_period_did_yall_start_playing_brawl_stars/,/r/Brawlstars/comments/1orle0t/in_what_period_did_yall_start_playing_brawl_stars/,0,1762594930.0,,,Neutral/Other,,,
1orld98,Why did they do this?,"Started a new run against Spirit Frank. My two teammates started roaming around the map and did everything besides attacking him, so I basically had to finish him by myself. Luckily it was the first stage, so it was quite easy to do it. Why did they do this? Did they simply not like their initial power ups or is there some other reason I'm unaware of?",https://i.redd.it/revc0z7f700g1.png,/r/Brawlstars/comments/1orld98/why_did_they_do_this/,3,1762594848.0,image,media/images/1orld98.jpg,Joy,,,
1orlc79,Is it possible to request to disconnect your account from all devices?,"I have a suspicion, since the game often doesn't load, that someone has accessed my account.",https://www.reddit.com/r/Brawlstars/comments/1orlc79/is_it_possible_to_request_to_disconnect_your/,/r/Brawlstars/comments/1orlc79/is_it_possible_to_request_to_disconnect_your/,1,1762594738.0,,,Neutral/Other,,,
1orlb89,Ngl im dissapointed this mode doesnt give waffles every day.,It would be fun if you could reach your daily waffle limit between this mode and showdown,https://i.redd.it/tnjnc6as600g1.jpeg,/r/Brawlstars/comments/1orlb89/ngl_im_dissapointed_this_mode_doesnt_give_waffles/,9,1762594633.0,image,media/images/1orlb89.jpg,Anger,,,
1orl9yh,It honestly took me like 20 seconds to see the difference,Why would anyone buy both versions,https://i.redd.it/m22h4j2e600g1.png,/r/Brawlstars/comments/1orl9yh/it_honestly_took_me_like_20_seconds_to_see_the/,9,1762594501.0,image,media/images/1orl9yh.jpg,Surprise,,,
1orl73y,Why is this card even an option in battle when you don't own the hypercharge?,,https://i.redd.it/7gsx6w2g500g1.jpeg,/r/Brawlstars/comments/1orl73y/why_is_this_card_even_an_option_in_battle_when/,27,1762594197.0,image,media/images/1orl73y.jpg,Neutral/Other,,,
1orl50k,Is your game working?,When I currently try o open game its stuck at 87%.,https://www.reddit.com/r/Brawlstars/comments/1orl50k/is_your_game_working/,/r/Brawlstars/comments/1orl50k/is_your_game_working/,1,1762593971.0,,,Anger,,,
1orl4by,What the hell is this matchmaking,,https://i.redd.it/mpua6w6l400g1.png,/r/Brawlstars/comments/1orl4by/what_the_hell_is_this_matchmaking/,2,1762593895.0,image,media/images/1orl4by.jpg,Anger,,,
1orl2s2,Spirit frank boss matchmaking bug,Did any of yall encounter this problem when the boss battle matchmaking doesn't work?,https://v.redd.it/e8jald51400g1,/r/Brawlstars/comments/1orl2s2/spirit_frank_boss_matchmaking_bug/,1,1762593720.0,hosted:video,media/videos/1orl2s2.mp4,Neutral/Other,,,
1orl226,Streaks glitch still broken. After many have contacted Supercell-no fix.,"Itâ€™s been broken for me for 6-7 months. 

I emailed / contacted them in support at least 6 or maybe 7 times. They respond the same everytime with:

â€”â€”

Milo
04:51 PM
Hi there,

Thanks for playing and reaching out to us!

We greatly appreciate you taking the time to report this.

Weâ€™re aware of the issue, and our game team is doing its best to solve it as soon as possible. Furthermore, we apologize for the inconvenience caused.

Meanwhile: depending on your device, remember to check Apple's App Store (iOS) or Google Play Store (Android). This way you can make sure youâ€™ve installed any recent important updates.

Have a great day!

â€”â€”-

The staff respond the same everytime with the copy and paste and nothing is being done about it. 

For us with the broken streaks - we are a community. And there are many of us. We have tried many things including: different devices, different accounts (where the streaks work fine on the same device), restarting app/phone, uninstalling app, updating operating system, etc. 

The ONLY way this will ever get fixed is by continuing to contact support! Contact by email - usually they will either ignore you or tell you to contact in game but sometimes you get a rep who says heâ€™ll pass it onto his supervisor THATS what we want!

Supercell is a multibillion dollar company with many different games! Unless a bug causes players to gain resources Supercell doesnâ€™t make it a priority! So keep reporting! 

We must unity broken streaks community! Stay strong! 

",https://i.redd.it/63leyqqu300g1.jpeg,/r/Brawlstars/comments/1orl226/streaks_glitch_still_broken_after_many_have/,2,1762593647.0,image,media/images/1orl226.jpg,Anger,,,
1orkxmz,I really hate Mastery farmers,"This dude was standing in one spot and just attacking 
And I hate you can't really do anything ",https://i.redd.it/c17zmkwg200g1.jpeg,/r/Brawlstars/comments/1orkxmz/i_really_hate_mastery_farmers/,4,1762593182.0,image,media/images/1orkxmz.jpg,Anger,,,
1orkwo9,Frame rate drop during end of upside showdown,Does anyone else frame rate just drop when the zone is small? It's so annoying. I can't even play this game at 1 frame per sometimes,https://www.reddit.com/r/Brawlstars/comments/1orkwo9/frame_rate_drop_during_end_of_upside_showdown/,/r/Brawlstars/comments/1orkwo9/frame_rate_drop_during_end_of_upside_showdown/,5,1762593077.0,,,Anger,,,
1orktje,Which Frank skin is better?,I like the red one but the animations are blue so I couldn't decide ,https://i.redd.it/uszsu1c5100g1.jpeg,/r/Brawlstars/comments/1orktje/which_frank_skin_is_better/,3,1762592737.0,image,media/images/1orktje.jpg,Neutral/Other,,,
1orkpw0,What do you think of Gigi,,https://i.redd.it/pbygclbzzzzf1.jpeg,/r/Brawlstars/comments/1orkpw0/what_do_you_think_of_gigi/,0,1762592363.0,image,media/images/1orkpw0.jpg,Neutral/Other,,,
1orkooa,"Brawl stars gained 476,130 monthly players, Clash royale's player gain is decreasing.","The reason is, Brawl stars started to care about players and doing actually interesting collabs instead of copying the previous one like the new rogue-lite gamemode, and Clash Royale started bringing even worse updates, thinking the big playerbase wouldn't leave whatsoever.",https://i.redd.it/47d2orinzzzf1.jpeg,/r/Brawlstars/comments/1orkooa/brawl_stars_gained_476130_monthly_players_clash/,483,1762592234.0,image,media/images/1orkooa.jpg,Anger,,,
1orkod7,I had enough already from people talking about it,"I literally found it in my first game and all I said is ""wow what a cool card, let's keep playing""
I don't think you guys need to make a big deal out of it lol",https://i.redd.it/d4ctlupjzzzf1.png,/r/Brawlstars/comments/1orkod7/i_had_enough_already_from_people_talking_about_it/,5,1762592199.0,image,media/images/1orkod7.jpg,Joy,,,
1orko63,Am I the only one who had the God mod?,,https://i.redd.it/c828kwpgzzzf1.jpeg,/r/Brawlstars/comments/1orko63/am_i_the_only_one_who_had_the_god_mod/,0,1762592179.0,image,media/images/1orko63.jpg,Joy,,,
1orkmf0,My account is blocked,"Two days ago, I was calmly playing on my account with 55,000 TR. I took a break, and when I returned, my account was blocked 'for security reasons.' I contacted support, and they sent me an automated response, which immediately closed the ticket because I must be eligible. Please help me recover it, I canâ€™t do it myself.",https://www.reddit.com/r/Brawlstars/comments/1orkmf0/my_account_is_blocked/,/r/Brawlstars/comments/1orkmf0/my_account_is_blocked/,0,1762591990.0,,,Anger,,,
1orklb9,Sort of rant in form of a meme,"Yeah, it's been quite a wild ride being almost +80k trophies and doing this dogsh*t quest. I get paired with people who just picked the game yesterday and everyone sending me invites cause they think they played their Mortis/Edgar SOOOOO well I'm eager to see them again. For the record, if you're at least +30k trophies below me, you're not even considered to throw a friend invite or to play again if it wasn't for this quest. Don't waste our time with spamming friend invites, not gonna happen.",https://i.redd.it/bxv3g9akyzzf1.png,/r/Brawlstars/comments/1orklb9/sort_of_rant_in_form_of_a_meme/,43,1762591868.0,image,media/images/1orklb9.jpg,Anger,,,
1orkhu7,"Can they remove the bots from the damn showdown bro, The gamemode is unfairly OP to grind trophies.",,https://i.redd.it/7b2ailnhxzzf1.jpeg,/r/Brawlstars/comments/1orkhu7/can_they_remove_the_bots_from_the_damn_showdown/,0,1762591507.0,image,media/images/1orkhu7.jpg,Anger,,,
1orkfoj,ziggy gadget and super bugged interaction,using his teleport gadget somehow bugged the super ,https://v.redd.it/pyyosaufwzzf1,/r/Brawlstars/comments/1orkfoj/ziggy_gadget_and_super_bugged_interaction/,2,1762591263.0,hosted:video,media/videos/1orkfoj.mp4,Surprise,,,
1orkekm,What do you guys think about the event skins?,"I think the skins are bad, this is the first time that I don't care about the skins of an event. ",https://i.redd.it/lkzut5efwzzf1.jpeg,/r/Brawlstars/comments/1orkekm/what_do_you_guys_think_about_the_event_skins/,0,1762591149.0,image,media/images/1orkekm.jpg,Anger,,,
1orkcwp,Guys... i think i got lucky,Legendary cards in all,https://i.redd.it/i04ii9kwvzzf1.jpeg,/r/Brawlstars/comments/1orkcwp/guys_i_think_i_got_lucky/,10,1762590973.0,image,media/images/1orkcwp.jpg,Joy,,,
1orkbjk,My win is a counted as a loss,I just beat stage 4 with my friend and then I lost my powerups and had to start over? This is complete bs. Supercell I demand 500 waffles in compensation for this incompetency. ,https://v.redd.it/dd4eymghvzzf1,/r/Brawlstars/comments/1orkbjk/my_win_is_a_counted_as_a_loss/,2,1762590835.0,hosted:video,media/videos/1orkbjk.mp4,Anger,,,
1orkbe4,Poco what are you doing,,https://v.redd.it/w4acj57evzzf1,/r/Brawlstars/comments/1orkbe4/poco_what_are_you_doing/,0,1762590817.0,hosted:video,media/videos/1orkbe4.mp4,Surprise,,,
1orkavb,Poco what is this,,https://i.redd.it/yy6b18l9vzzf1.jpeg,/r/Brawlstars/comments/1orkavb/poco_what_is_this/,0,1762590759.0,image,media/images/1orkavb.jpg,Surprise,,,
1orka82,No more packs,I reloaded the game like 4 times now. Good to see bug stars again. ,https://i.redd.it/3dpbw7k2vzzf1.jpeg,/r/Brawlstars/comments/1orka82/no_more_packs/,1,1762590692.0,image,media/images/1orka82.jpg,Anger,,,
1ork960,I'm tired of this game not having proper QA testers,Every single new event or even season there a 100 bugs and somehow they never notice them until the game reaches the players. And now with the hank boss. Somehow every time I reach the 3rd or the 4th stage and I beat the normal boss when it should master or expert. At this point I think they do it on purpose. If not fire all the qa testers and find new ones. ,https://www.reddit.com/r/Brawlstars/comments/1ork960/im_tired_of_this_game_not_having_proper_qa_testers/,/r/Brawlstars/comments/1ork960/im_tired_of_this_game_not_having_proper_qa_testers/,1,1762590587.0,,,Anger,,,
1ork798,The limit of waffles you can get,"I finally solved the reward system of this gamemode.
It does not matter how many times the mode resets itsself. You could technically always die in stage 1 and do that nearly a houndred times.
But thereâ€˜s a max of 95 waffles a day. After you reached this max, you can no longer start a new run. But you are able to gain more than 95 waffles by finishing that playthrough
So you have to always calculate: is it worth finishing this run or should I die on purpose to get even more waffles in one last run?
Hope this helps, correct me if Iâ€˜m wrong",https://i.redd.it/6jjlidh5uzzf1.jpeg,/r/Brawlstars/comments/1ork798/the_limit_of_waffles_you_can_get/,69,1762590384.0,image,media/images/1ork798.jpg,Joy,,,
1ork4fx,Waiting for rift to open,"Very strange, wonder what happened to the rift, waffles not refreshed while in upside showdown waffles are available ",https://i.redd.it/538xmh69tzzf1.jpeg,/r/Brawlstars/comments/1ork4fx/waiting_for_rift_to_open/,0,1762590084.0,image,media/images/1ork4fx.jpg,Neutral/Other,,,
1ork3ig,Would you rather have one dollar or uhh.. two dollars,,https://i.redd.it/3elphcqwszzf1.jpeg,/r/Brawlstars/comments/1ork3ig/would_you_rather_have_one_dollar_or_uhh_two/,26,1762589985.0,image,media/images/1ork3ig.jpg,Neutral/Other,,,
1ork34j,"Babe, new card drop",Dude where do you get this card i was using nani and 4th stage I got the goat card... It dosent show up in the deck so its probably a very rare card for any character,https://i.redd.it/y1gy8ittszzf1.jpeg,/r/Brawlstars/comments/1ork34j/babe_new_card_drop/,0,1762589946.0,image,media/images/1ork34j.jpg,Joy,,,
1ork2sr,Ohh great heavens,,https://i.redd.it/5wihzsnbszzf1.png,/r/Brawlstars/comments/1ork2sr/ohh_great_heavens/,23,1762589914.0,image,media/images/1ork2sr.jpg,Anger,,,
1ork1xo,The new Frank boss,"
Guys I don't understand the new boss. How do you win?
Yesterday I played with my friend and we won round one and two with time about 1:52 and 2:10 and the third round we killed the boss but we lost the round I did not understand how we have played for about 5 times each time we lose on round 3 one time of the five we defeated the boss in round two and we lost even tho the time was less than the first round. I am very confused can someone explain why is this happening or how to win that boss? ",https://www.reddit.com/r/Brawlstars/comments/1ork1xo/the_new_frank_boss/,/r/Brawlstars/comments/1ork1xo/the_new_frank_boss/,2,1762589828.0,,,Surprise,,,
1orjxup,Extreme on stage 1 of The Frank Bossfight,I literally only have 1 card compared to the others with 4 and then they gave me kudos at the endðŸ’”,https://i.redd.it/0631pce7rzzf1.jpeg,/r/Brawlstars/comments/1orjxup/extreme_on_stage_1_of_the_frank_bossfight/,1,1762589393.0,image,media/images/1orjxup.jpg,Anger,,,
1orjmnd,How rare is that?,Both GOAT MODE & POWER CUBE PARTY,https://i.redd.it/7kyixn2qnzzf1.jpeg,/r/Brawlstars/comments/1orjmnd/how_rare_is_that/,0,1762588223.0,image,media/images/1orjmnd.jpg,Neutral/Other,,,
1orji1u,Anyone else getting randomly booted from sd?,,https://i.redd.it/yc89aaeamzzf1.jpeg,/r/Brawlstars/comments/1orji1u/anyone_else_getting_randomly_booted_from_sd/,1,1762587740.0,image,media/images/1orji1u.jpg,Neutral/Other,,,
1orjgnn,How rare is this,Got 20 power cubes from if,https://i.redd.it/tkybba7ulzzf1.jpeg,/r/Brawlstars/comments/1orjgnn/how_rare_is_this/,1,1762587588.0,image,media/images/1orjgnn.jpg,Surprise,,,
1orjf3e,Can someone explain the trophie system in upside showdown to me,,https://i.redd.it/t2ljl88clzzf1.jpeg,/r/Brawlstars/comments/1orjf3e/can_someone_explain_the_trophie_system_in_upside/,0,1762587428.0,image,media/images/1orjf3e.jpg,Neutral/Other,,,
1orj9yr,Gene tf man,"He was playing so good as well...
ig he took revenge for missing my shots ðŸ¥€ðŸ¥€",https://v.redd.it/ktxezlipjzzf1,/r/Brawlstars/comments/1orj9yr/gene_tf_man/,0,1762586894.0,hosted:video,media/videos/1orj9yr.mp4,Joy,,,
1orj8l3,Can anyone play Hawkins Hunt?,"I finished the first round. Now I can't find a player for the 2nd round. I waited about 10-20 minutes and as a result system found only 1 player, and after a few minutes that person left too.",https://i.redd.it/l70hsqwcjzzf1.jpeg,/r/Brawlstars/comments/1orj8l3/can_anyone_play_hawkins_hunt/,3,1762586755.0,image,media/images/1orj8l3.jpg,Neutral/Other,,,
1orixy0,Got a Perfect run with Bibi,If get first place in a match you get a legendary card as an option,https://i.redd.it/hnuvg356gzzf1.jpeg,/r/Brawlstars/comments/1orixy0/got_a_perfect_run_with_bibi/,7,1762585683.0,image,media/images/1orixy0.jpg,Joy,,,
1orim0y,Is it a good ideo for Brawl Stars to bring back Siege?,I want to be fanous,https://i.redd.it/rt3l2fglczzf1.jpeg,/r/Brawlstars/comments/1orim0y/is_it_a_good_ideo_for_brawl_stars_to_bring_back/,34,1762584480.0,image,media/images/1orim0y.jpg,Joy,,,
1orihs7,Bo Goat Mode,this modifier is so fun lol,https://v.redd.it/4pflhem8bzzf1,/r/Brawlstars/comments/1orihs7/bo_goat_mode/,1,1762584054.0,hosted:video,media/videos/1orihs7.mp4,Joy,,,
1orihe0,Prime Hank is finally back in business,Bro hypercharge is op as hell,https://i.redd.it/0q88utp7bzzf1.jpeg,/r/Brawlstars/comments/1orihe0/prime_hank_is_finally_back_in_business/,1,1762584017.0,image,media/images/1orihe0.jpg,Joy,,,
1ori3g8,That was SO fun(literally no health or regeneration buffs in level 5),"Buffs were:
Gadget cooldown -20%
Gadget cooldown -30%
Reload speed +50%
Movement speed +50%
Damage +25%
The game made me go full offense F1 mode",https://v.redd.it/888ut57t6zzf1,/r/Brawlstars/comments/1ori3g8/that_was_so_funliterally_no_health_or/,4,1762582659.0,hosted:video,media/videos/1ori3g8.mp4,Joy,,,
1ori2eo,Bro I CANâ€™T be the only one who relates to this,,https://i.redd.it/hn6gfbfv6zzf1.jpeg,/r/Brawlstars/comments/1ori2eo/bro_i_cant_be_the_only_one_who_relates_to_this/,142,1762582561.0,image,media/images/1ori2eo.jpg,Anger,,,
1orhzno,Anyone else also get goat mode? It is so fun.,"If I am not wrong, goat mode is all the cards mixed into one. ",https://i.redd.it/70vivew36zzf1.jpeg,/r/Brawlstars/comments/1orhzno/anyone_else_also_get_goat_mode_it_is_so_fun/,11,1762582299.0,image,media/images/1orhzno.jpg,Joy,,,
1orhpq3,Goat mode is so much fun,"It seems to increase health, damage, speed, and projectile size by a lot",https://i.redd.it/sdojd8ac3zzf1.jpeg,/r/Brawlstars/comments/1orhpq3/goat_mode_is_so_much_fun/,1,1762581367.0,image,media/images/1orhpq3.jpg,Joy,,,
1orhmpt,I love Dispatch so much!,I love Golem he looks like he plays overwatch,https://i.redd.it/09p1kdag2zzf1.jpeg,/r/Brawlstars/comments/1orhmpt/i_love_dispatch_so_much/,3,1762581068.0,image,media/images/1orhmpt.jpg,Joy,,,
1orhm9l,There is a God mode for Jessie,,https://v.redd.it/6ug5ojea2zzf1,/r/Brawlstars/comments/1orhm9l/there_is_a_god_mode_for_jessie/,4,1762581026.0,hosted:video,media/videos/1orhm9l.mp4,Surprise,,,
